Country,Year,Unit,Average Value
Austria,2007,BQ/D.P,4.94566
Austria,2008,BQ/D.P,5.78200
Austria,2009,BQ/D.P,6.16997
Austria,2010,BQ/D.P,4.93758
Austria,2011,BQ/D.P,5.91974
Austria,1986,BQ/KG,142.77832
Austria,1987,BQ/KG,102.47108
Austria,1996,BQ/KG,18.66701
Austria,1997,BQ/KG,22.52094
Austria,1998,BQ/KG,24.71183
Austria,1999,BQ/KG,20.26171
Austria,2000,BQ/KG,23.53718
Austria,2001,BQ/KG,42.06488
Austria,2002,BQ/KG,36.07110
Austria,2004,BQ/KG,24.07582
Austria,2005,BQ/KG,24.35291
Austria,2006,BQ/KG,17.26499
Austria,1986,BQ/M2,17322.75990
Austria,1984,BQ/M3,0.00120
Austria,1985,BQ/M3,0.00135
Austria,1986,BQ/M3,6.59323
Austria,1987,BQ/M3,0.00097
Austria,1988,BQ/M3,0.00094
Austria,1989,BQ/M3,0.00068
Austria,1990,BQ/M3,0.00073
Austria,1991,BQ/M3,886.57313
Austria,1992,BQ/M3,1014.41356
Austria,1993,BQ/M3,3713.05551
Austria,1994,BQ/M3,4203.08294
Austria,1995,BQ/M3,5415.36198
Austria,1996,BQ/M3,777.98784
Austria,1997,BQ/M3,736.43837
Austria,1998,BQ/M3,620.62435
Austria,1999,BQ/M3,239.85093
Austria,2000,BQ/M3,531.40694
Austria,2001,BQ/M3,2636.75093
Austria,2002,BQ/M3,4570.49719
Austria,2003,BQ/M3,2059.26002
Austria,2004,BQ/M3,1673.74154
Austria,2005,BQ/M3,188.30108
Austria,2006,BQ/M3,5291.05780
Austria,2007,BQ/M3,4994.92684
Austria,2008,BQ/M3,4872.91883
Austria,2009,BQ/M3,2837.36880
Austria,2010,BQ/M3,4037.15025
Austria,2011,BQ/M3,4102.24402
Belgium,2006,BQ/D,0.30000
Belgium,2007,BQ/D,0.30000
Belgium,1988,BQ/D.P,0.87050
Belgium,1989,BQ/D.P,0.26000
Belgium,1994,BQ/D.P,0.04992
Belgium,1995,BQ/D.P,0.00891
Belgium,1996,BQ/D.P,0.01030
Belgium,1997,BQ/D.P,0.01041
Belgium,1998,BQ/D.P,0.00976
Belgium,1999,BQ/D.P,0.01633
Belgium,2000,BQ/D.P,0.01994
Belgium,2001,BQ/D.P,0.03235
Belgium,2002,BQ/D.P,0.02859
Belgium,2003,BQ/D.P,0.13125
Belgium,2004,BQ/D.P,0.50061
Belgium,2005,BQ/D.P,0.37976
Belgium,2006,BQ/D.P,0.38640
Belgium,2007,BQ/D.P,0.23385
Belgium,2008,BQ/D.P,0.49053
Belgium,2009,BQ/D.P,0.29208
Belgium,2010,BQ/D.P,0.27714
Belgium,2011,BQ/D.P,0.31365
Belgium,2007,BQ/G-C,0.92717
Belgium,2008,BQ/G-C,2.50917
Belgium,2009,BQ/G-C,0.75525
Belgium,2010,BQ/G-C,0.74167
Belgium,2011,BQ/G-C,0.62208
Belgium,1989,BQ/GCA,0.08096
Belgium,2000,BQ/KG,0.23000
Belgium,1986,BQ/KG,19.22883
Belgium,1987,BQ/KG,47.21901
Belgium,1988,BQ/KG,131.63837
Belgium,1989,BQ/KG,24.79967
Belgium,1991,BQ/KG,0.65056
Belgium,1992,BQ/KG,33.15796
Belgium,1993,BQ/KG,34.70021
Belgium,1994,BQ/KG,23.07514
Belgium,1995,BQ/KG,0.36503
Belgium,2000,BQ/KG,34.28434
Belgium,2002,BQ/KG,34.93915
Belgium,2003,BQ/KG,34.11594
Belgium,2004,BQ/KG,88.96215
Belgium,2005,BQ/KG,81.56161
Belgium,2006,BQ/KG,63.57936
Belgium,2007,BQ/KG,54.75304
Belgium,1984,BQ/M2,7.16698
Belgium,1985,BQ/M2,6.08400
Belgium,1986,BQ/M2,361.87159
Belgium,1987,BQ/M2,14.39379
Belgium,1989,BQ/M2,4.35938
Belgium,1991,BQ/M2,1.50329
Belgium,1992,BQ/M2,2.18727
Belgium,1993,BQ/M2,1.15117
Belgium,1994,BQ/M2,1.84471
Belgium,1995,BQ/M2,1.89333
Belgium,1996,BQ/M2,1.75667
Belgium,1997,BQ/M2,3.22244
Belgium,1998,BQ/M2,34.23342
Belgium,1999,BQ/M2,27.72417
Belgium,2000,BQ/M2,24.78667
Belgium,2001,BQ/M2,26.81072
Belgium,2002,BQ/M2,26.73389
Belgium,2003,BQ/M2,14.91319
Belgium,2004,BQ/M2,12.30000
Belgium,2006,BQ/M2,8.55504
Belgium,2007,BQ/M2,12.97346
Belgium,2008,BQ/M2,12.01983
Belgium,2009,BQ/M2,7.01167
Belgium,1984,BQ/M3,1414.27016
Belgium,1985,BQ/M3,1670.99656
Belgium,1986,BQ/M3,8299.42198
Belgium,1987,BQ/M3,1838.86485
Belgium,1988,BQ/M3,932.97043
Belgium,1989,BQ/M3,1858.78821
Belgium,1990,BQ/M3,2943.81496
Belgium,1991,BQ/M3,5808.75192
Belgium,1992,BQ/M3,5629.61919
Belgium,1993,BQ/M3,6800.93131
Belgium,1994,BQ/M3,4767.70680
Belgium,1995,BQ/M3,1481.02687
Belgium,1996,BQ/M3,957.90389
Belgium,1997,BQ/M3,2258.33235
Belgium,1998,BQ/M3,4044.85357
Belgium,1999,BQ/M3,3943.99604
Belgium,2000,BQ/M3,4130.59552
Belgium,2001,BQ/M3,4098.56556
Belgium,2002,BQ/M3,4252.92390
Belgium,2003,BQ/M3,1186.36347
Belgium,2004,BQ/M3,1625.63477
Belgium,2005,BQ/M3,1951.05108
Belgium,2006,BQ/M3,682.23023
Belgium,2007,BQ/M3,732.66973
Belgium,2008,BQ/M3,2680.26847
Belgium,2009,BQ/M3,410.76617
Belgium,2010,BQ/M3,281.36912
Belgium,2011,BQ/M3,247.84655
Belgium,1984,CI/M3,0.01741
Belgium,1985,CI/M3,0.01652
Belgium,1986,G/L,0.29000
Belgium,1987,G/L,0.20000
Belgium,1989,KG/M3,1.01463
Belgium,1987,MG/KG,239.82692
Belgium,1988,MG/KG,216.51429
Bulgaria,2007,BQ/D.P,0.02000
Bulgaria,2008,BQ/D.P,0.04438
Bulgaria,2009,BQ/D.P,0.09798
Bulgaria,2010,BQ/D.P,0.10150
Bulgaria,2011,BQ/D.P,0.08785
Bulgaria,2002,BQ/KG,125.23420
Bulgaria,2003,BQ/KG,125.84336
Bulgaria,2004,BQ/KG,124.58961
Bulgaria,2007,BQ/KG,18.18735
Bulgaria,2008,BQ/KG,18.41312
Bulgaria,2009,BQ/KG,22.25462
Bulgaria,2010,BQ/KG,19.37097
Bulgaria,2011,BQ/KG,23.23656
Bulgaria,2002,BQ/M3,36.05583
Bulgaria,2003,BQ/M3,18.63060
Bulgaria,2004,BQ/M3,165.09347
Bulgaria,2005,BQ/M3,1.68000
Bulgaria,2007,BQ/M3,44.70544
Bulgaria,2008,BQ/M3,37.18426
Bulgaria,2009,BQ/M3,27.02384
Bulgaria,2010,BQ/M3,27.51948
Bulgaria,2011,BQ/M3,128.07419
Bulgaria,2004,KG/M3,0.00002
Bulgaria,2011,KG/M3,0.00000
Cyprus,2010,BQ/D.P,89.26929
Cyprus,2011,BQ/D.P,69.62722
Cyprus,2006,BQ/KG,56.01670
Cyprus,2007,BQ/KG,60.73155
Cyprus,2008,BQ/KG,62.39559
Cyprus,2009,BQ/KG,53.65124
Cyprus,2010,BQ/KG,115.24913
Cyprus,2011,BQ/KG,36.65214
Cyprus,2006,BQ/M3,0.00108
Cyprus,2007,BQ/M3,41.48816
Cyprus,2008,BQ/M3,33.55594
Cyprus,2009,BQ/M3,4196.99903
Cyprus,2010,BQ/M3,2440.37860
Cyprus,2011,BQ/M3,3136.13760
Cyprus,2006,SV/H,0.00000
Cyprus,2007,SV/H,0.00000
Cyprus,2008,SV/H,0.00000
Cyprus,2009,SV/H,0.00000
Cyprus,2010,SV/H,0.00000
Cyprus,2011,SV/H,0.00000
Czech Republic,2002,BQ/D.P,0.62000
Czech Republic,2003,BQ/D.P,0.50400
Czech Republic,2005,BQ/D.P,0.24000
Czech Republic,2006,BQ/D.P,0.34500
Czech Republic,2007,BQ/D.P,0.07080
Czech Republic,2008,BQ/D.P,0.06199
Czech Republic,2009,BQ/D.P,0.07091
Czech Republic,2010,BQ/D.P,0.06524
Czech Republic,2011,BQ/D.P,0.05113
Czech Republic,2002,BQ/KG,0.54848
Czech Republic,2003,BQ/KG,0.64710
Czech Republic,2004,BQ/KG,0.63833
Czech Republic,2005,BQ/KG,0.54840
Czech Republic,2006,BQ/KG,0.41671
Czech Republic,2007,BQ/KG,1.49977
Czech Republic,2008,BQ/KG,0.74248
Czech Republic,2009,BQ/KG,0.48270
Czech Republic,2010,BQ/KG,0.47804
Czech Republic,2011,BQ/KG,0.42879
Czech Republic,2002,BQ/M3,406.98980
Czech Republic,2003,BQ/M3,418.26611
Czech Republic,2004,BQ/M3,534.64113
Czech Republic,2005,BQ/M3,185.03123
Czech Republic,2006,BQ/M3,52.02245
Czech Republic,2007,BQ/M3,141.10882
Czech Republic,2008,BQ/M3,118.49851
Czech Republic,2009,BQ/M3,112.01243
Czech Republic,2010,BQ/M3,90.59629
Czech Republic,2011,BQ/M3,98.96215
Denmark,2004,BQ/D,39.34607
Denmark,2005,BQ/D,39.09337
Denmark,1984,BQ/D.P,0.19675
Denmark,1985,BQ/D.P,0.16725
Denmark,1986,BQ/D.P,0.73050
Denmark,1987,BQ/D.P,31.73452
Denmark,1988,BQ/D.P,35.52476
Denmark,1989,BQ/D.P,32.53229
Denmark,1990,BQ/D.P,57.50007
Denmark,1991,BQ/D.P,36.34366
Denmark,1992,BQ/D.P,38.19275
Denmark,1993,BQ/D.P,14.93614
Denmark,1994,BQ/D.P,14.05674
Denmark,1995,BQ/D.P,15.34932
Denmark,1996,BQ/D.P,17.53573
Denmark,1997,BQ/D.P,11.69226
Denmark,1998,BQ/D.P,13.78239
Denmark,1999,BQ/D.P,14.13939
Denmark,2000,BQ/D.P,16.41678
Denmark,2001,BQ/D.P,31.32156
Denmark,2002,BQ/D.P,37.15296
Denmark,2003,BQ/D.P,39.80837
Denmark,2004,BQ/D.P,41.06426
Denmark,2006,BQ/D.P,1600.67449
Denmark,2007,BQ/D.P,39.39050
Denmark,2008,BQ/D.P,39.84514
Denmark,2009,BQ/D.P,61.18027
Denmark,2010,BQ/D.P,63.65010
Denmark,2011,BQ/D.P,63.58175
Denmark,1987,BQ/DAY/P,0.33450
Denmark,1984,BQ/GCA,0.08157
Denmark,1985,BQ/GCA,0.06278
Denmark,1986,BQ/GCA,0.06797
Denmark,1987,BQ/GCA,0.06447
Denmark,1984,BQ/GK,0.05324
Denmark,1985,BQ/GK,0.04501
Denmark,1986,BQ/GK,1.17017
Denmark,1987,BQ/GK,0.50147
Denmark,1986,BQ/KG,6.10004
Denmark,1987,BQ/KG,42.47628
Denmark,1984,BQ/M2,108.47769
Denmark,1985,BQ/M2,89.79735
Denmark,1986,BQ/M2,626.78746
Denmark,1987,BQ/M2,100.95107
Denmark,1984,BQ/M3,1220.79664
Denmark,1985,BQ/M3,692.01885
Denmark,1986,BQ/M3,230.19948
Denmark,1987,BQ/M3,87.69610
Denmark,1988,BQ/M3,130.12865
Denmark,1989,BQ/M3,123.97772
Denmark,1990,BQ/M3,72.92160
Denmark,1991,BQ/M3,37.85241
Denmark,1992,BQ/M3,236.96448
Denmark,1993,BQ/M3,110.43392
Denmark,1994,BQ/M3,122.66457
Denmark,1995,BQ/M3,13.92882
Denmark,1996,BQ/M3,9.78553
Denmark,1997,BQ/M3,133.95905
Denmark,1998,BQ/M3,60.06792
Denmark,1999,BQ/M3,79.30859
Denmark,2000,BQ/M3,12.05298
Denmark,2001,BQ/M3,14.84259
Denmark,2002,BQ/M3,14.10720
Denmark,2003,BQ/M3,12.54866
Denmark,2004,BQ/M3,11.70080
Denmark,2005,BQ/M3,11.07211
Denmark,2006,BQ/M3,32734.92267
Denmark,2007,BQ/M3,9.36373
Denmark,2008,BQ/M3,8.06307
Denmark,2009,BQ/M3,7.42845
Denmark,2010,BQ/M3,6.75696
Denmark,2011,BQ/M3,4.92100
Denmark,1992,G/D.P,3.85000
Denmark,1993,G/D.P,3.85000
Denmark,1994,G/D.P,3.48500
Denmark,1995,G/D.P,3.56750
Denmark,1996,G/D.P,2.37750
Denmark,1984,UR/H,4.17000
Denmark,1985,UR/H,5.67121
Estonia,2002,BQ,1450.66695
Estonia,2006,BQ/D,29.19667
Estonia,2004,BQ/D.P,0.14000
Estonia,2005,BQ/D.P,0.29933
Estonia,2006,BQ/D.P,0.46650
Estonia,2007,BQ/D.P,35.99133
Estonia,2008,BQ/D.P,24.37833
Estonia,2009,BQ/D.P,27.18200
Estonia,2010,BQ/D.P,25.52750
Estonia,2011,BQ/D.P,23.25733
Estonia,2002,BQ/KG,14.47500
Estonia,2003,BQ/KG,9.86667
Estonia,2004,BQ/KG,14.85000
Estonia,2005,BQ/KG,10.36667
Estonia,2006,BQ/KG,34.82583
Estonia,2007,BQ/KG,57.81077
Estonia,2008,BQ/KG,43.06294
Estonia,2009,BQ/KG,41.18955
Estonia,2010,BQ/KG,58.36930
Estonia,2011,BQ/KG,35.42672
Estonia,2002,BQ/M3,121.30756
Estonia,2003,BQ/M3,2592.63367
Estonia,2004,BQ/M3,1807.10504
Estonia,2005,BQ/M3,1433.78639
Estonia,2006,BQ/M3,1932.32829
Estonia,2007,BQ/M3,1960.18301
Estonia,2008,BQ/M3,2546.11259
Estonia,2009,BQ/M3,2173.62323
Estonia,2010,BQ/M3,1585.93559
Estonia,2011,BQ/M3,984.41009
Finland,1999,BQ/D.P,0.87817
Finland,2000,BQ/D.P,0.94575
Finland,2001,BQ/D.P,2.07500
Finland,2002,BQ/D.P,0.49108
Finland,2003,BQ/D.P,0.78708
Finland,2004,BQ/D.P,0.38208
Finland,2005,BQ/D.P,0.34275
Finland,2006,BQ/D.P,0.36125
Finland,2007,BQ/D.P,0.64755
Finland,2008,BQ/D.P,0.65202
Finland,2009,BQ/D.P,0.47590
Finland,2010,BQ/D.P,0.50721
Finland,2011,BQ/D.P,0.70846
Finland,2006,BQ/KG,0.00120
Finland,2007,BQ/KG,0.00058
Finland,1986,BQ/M2,1218.63466
Finland,1987,BQ/M2,24.71993
Finland,1984,BQ/M3,258.43424
Finland,1985,BQ/M3,250.61156
Finland,1986,BQ/M3,198.02408
Finland,1987,BQ/M3,403.25151
Finland,1988,BQ/M3,552.64581
Finland,1989,BQ/M3,241.06037
Finland,1990,BQ/M3,181.70429
Finland,1991,BQ/M3,51.58390
Finland,1992,BQ/M3,289.38731
Finland,1993,BQ/M3,319.46614
Finland,1994,BQ/M3,288.44388
Finland,1995,BQ/M3,253.09942
Finland,1996,BQ/M3,205.75240
Finland,1997,BQ/M3,181.58018
Finland,1998,BQ/M3,179.57662
Finland,1999,BQ/M3,80.62195
Finland,2000,BQ/M3,82.43823
Finland,2001,BQ/M3,4764.48129
Finland,2002,BQ/M3,3833.90665
Finland,2003,BQ/M3,3550.71087
Finland,2004,BQ/M3,3959.33440
Finland,2005,BQ/M3,4509.41533
Finland,2006,BQ/M3,15544.02968
Finland,2007,BQ/M3,2775.26383
Finland,2008,BQ/M3,2718.59501
Finland,2009,BQ/M3,1580.09218
Finland,2010,BQ/M3,1102.07812
Finland,2011,BQ/M3,463.70547
France,2005,BQ/D,43.90562
France,2007,BQ/D,38.26844
France,2008,BQ/D,45.23738
France,1984,BQ/D.P,0.21231
France,1985,BQ/D.P,0.19584
France,1986,BQ/D.P,1.20184
France,1987,BQ/D.P,1.32107
France,1988,BQ/D.P,0.46743
France,1989,BQ/D.P,0.36453
France,1990,BQ/D.P,0.31482
France,1991,BQ/D.P,0.18621
France,1992,BQ/D.P,0.14178
France,1993,BQ/D.P,0.19196
France,1994,BQ/D.P,0.20400
France,1995,BQ/D.P,0.19801
France,1996,BQ/D.P,0.17226
France,1997,BQ/D.P,0.18363
France,1998,BQ/D.P,0.22233
France,1999,BQ/D.P,0.22748
France,2000,BQ/D.P,0.19400
France,2001,BQ/D.P,3.93797
France,2002,BQ/D.P,13.12412
France,2003,BQ/D.P,18.89982
France,2004,BQ/D.P,42.15593
France,2005,BQ/D.P,0.20034
France,2006,BQ/D.P,28.39883
France,2007,BQ/D.P,0.18071
France,2008,BQ/D.P,0.23617
France,2010,BQ/D.P,0.33000
France,2006,BQ/G-C,0.24498
France,1984,BQ/G-CA,0.19636
France,1985,BQ/G-CA,0.13057
France,1986,BQ/G-CA,0.02500
France,1987,BQ/G-CA,1.99569
France,1988,BQ/G-CA,0.15510
France,1989,BQ/G-CA,0.30287
France,1990,BQ/G-CA,1.28994
France,1991,BQ/G-CA,0.09761
France,1992,BQ/G-CA,0.11717
France,1993,BQ/G-CA,0.09244
France,1994,BQ/G-CA,0.08739
France,1996,BQ/G-CA,0.00900
France,2001,BQ/G-CA,0.09573
France,2010,BQ/G-CA,0.08500
France,1984,BQ/G-K,0.07277
France,1985,BQ/G-K,0.07006
France,1986,BQ/G-K,0.07164
France,1987,BQ/G-K,3.27148
France,1988,BQ/G-K,3.71318
France,1989,BQ/G-K,3.43531
France,1990,BQ/G-K,0.61506
France,1991,BQ/G-K,0.24576
France,1992,BQ/G-K,0.07775
France,1993,BQ/G-K,0.07298
France,1994,BQ/G-K,0.07802
France,2001,BQ/G-K,0.09905
France,2010,BQ/G-K,0.12500
France,1986,BQ/KG,0.00010
France,1987,BQ/KG,0.00001
France,1989,BQ/KG,0.04200
France,1990,BQ/KG,0.00000
France,1992,BQ/KG,32.81937
France,1993,BQ/KG,0.01920
France,1994,BQ/KG,0.01369
France,1995,BQ/KG,0.00805
France,1996,BQ/KG,0.00848
France,1997,BQ/KG,0.01259
France,1998,BQ/KG,0.00956
France,1999,BQ/KG,0.01361
France,2000,BQ/KG,0.01082
France,2001,BQ/KG,0.01140
France,2002,BQ/KG,0.00959
France,2003,BQ/KG,0.01055
France,2004,BQ/KG,0.01219
France,2005,BQ/KG,0.01009
France,2006,BQ/KG,0.00415
France,2007,BQ/KG,267.97196
France,2008,BQ/KG,146.09679
France,1985,BQ/M2,4.81667
France,1986,BQ/M2,563.73560
France,1987,BQ/M2,589.03948
France,1992,BQ/M2,519.55644
France,1993,BQ/M2,343.88603
France,1984,BQ/M3,2481.33803
France,1985,BQ/M3,3423.77589
France,1986,BQ/M3,4415.30296
France,1987,BQ/M3,5396.13599
France,1988,BQ/M3,5173.50210
France,1989,BQ/M3,4254.46806
France,1990,BQ/M3,4190.93858
France,1991,BQ/M3,4062.67764
France,1992,BQ/M3,5845.12561
France,1993,BQ/M3,933.92138
France,1994,BQ/M3,897.42170
France,1995,BQ/M3,1124.95289
France,1996,BQ/M3,1118.48931
France,1997,BQ/M3,2451.92291
France,1998,BQ/M3,2520.62083
France,1999,BQ/M3,2216.13190
France,2000,BQ/M3,2014.09048
France,2001,BQ/M3,1146.71578
France,2002,BQ/M3,1082.18926
France,2003,BQ/M3,1063.58052
France,2004,BQ/M3,1024.18909
France,2005,BQ/M3,1134.34810
France,2006,BQ/M3,1014.23695
France,2007,BQ/M3,1273.28434
France,2008,BQ/M3,844.14124
France,2009,BQ/M3,1002.33131
France,2010,BQ/M3,2738.04723
France,2011,BQ/M3,2691.26361
France,1992,G/D.P,1.10780
France,1993,G/D.P,1.51145
France,1994,G/D.P,1.57992
France,1995,G/D.P,1.66214
France,1996,G/D.P,1.68917
France,1997,G/D.P,1.59694
France,1998,G/D.P,1.61860
France,1999,G/D.P,1.76929
France,2000,G/D.P,1.63950
France,2001,G/D.P,2.81356
France,2002,G/D.P,1.84533
France,2003,G/D.P,2.72000
France,2004,G/D.P,2.60833
France,2005,G/D.P,3.00585
France,2010,G/D.P,2.32500
France,1988,G/L,0.00165
France,1989,G/L,0.00410
France,1990,G/L,0.00660
France,1992,KG/KG,0.01674
France,1984,KG/M3,0.46477
France,1985,KG/M3,0.29617
France,1986,KG/M3,0.30206
France,1987,KG/M3,0.03022
France,1988,KG/M3,0.26099
France,1989,KG/M3,0.04065
France,1990,KG/M3,0.08917
France,1991,KG/M3,0.12455
France,1992,KG/M3,0.01844
France,1993,KG/M3,0.26448
France,1994,KG/M3,0.40138
France,1995,KG/M3,0.46601
France,1996,KG/M3,0.51662
France,1997,KG/M3,0.44072
France,1998,KG/M3,0.29209
France,1999,KG/M3,0.31141
France,2000,KG/M3,0.30217
France,2001,KG/M3,0.25799
France,2002,KG/M3,0.26659
France,2003,KG/M3,0.28062
France,2004,KG/M3,0.26324
France,2005,KG/M3,0.29017
France,2006,KG/M3,0.03578
France,2011,KG/M3,0.00000
Germany,1986,BQ,120.00000
Germany,1986,BQ.S/M3,1348615.38462
Germany,1987,BQ/D.P,3.71163
Germany,1988,BQ/D.P,2.20888
Germany,1989,BQ/D.P,12.20138
Germany,1990,BQ/D.P,22.16788
Germany,1991,BQ/D.P,20.06334
Germany,1992,BQ/D.P,4.21368
Germany,1993,BQ/D.P,0.18500
Germany,1994,BQ/D.P,19.50215
Germany,1995,BQ/D.P,24.89580
Germany,1996,BQ/D.P,25.07397
Germany,1997,BQ/D.P,22.61832
Germany,1998,BQ/D.P,23.20608
Germany,1999,BQ/D.P,24.07863
Germany,2000,BQ/D.P,24.12498
Germany,2001,BQ/D.P,23.94137
Germany,2002,BQ/D.P,24.08594
Germany,2003,BQ/D.P,25.47090
Germany,2004,BQ/D.P,24.38057
Germany,2005,BQ/D.P,33.46511
Germany,2006,BQ/D.P,33.82888
Germany,2007,BQ/D.P,30.79282
Germany,2008,BQ/D.P,27.78867
Germany,2009,BQ/D.P,26.70943
Germany,2010,BQ/D.P,27.33273
Germany,2011,BQ/D.P,26.98765
Germany,1986,BQ/KG,1819.90145
Germany,2004,BQ/KG,24.04580
Germany,1984,BQ/M2,66.39682
Germany,1985,BQ/M2,727.98042
Germany,1986,BQ/M2,3941.25317
Germany,1987,BQ/M2,131.04429
Germany,1989,BQ/M2,2.79545
Germany,1990,BQ/M2,2.90917
Germany,1991,BQ/M2,14.23606
Germany,1992,BQ/M2,41.07263
Germany,1984,BQ/M3,939.23365
Germany,1985,BQ/M3,887.67315
Germany,1986,BQ/M3,42828.26847
Germany,1987,BQ/M3,1586.00929
Germany,1988,BQ/M3,1062.24794
Germany,1989,BQ/M3,956.35099
Germany,1990,BQ/M3,783.90737
Germany,1991,BQ/M3,862.43617
Germany,1992,BQ/M3,1604.82071
Germany,1993,BQ/M3,929.25665
Germany,1994,BQ/M3,1087.75466
Germany,1995,BQ/M3,972.35795
Germany,1996,BQ/M3,862.70363
Germany,1997,BQ/M3,4497.39280
Germany,1998,BQ/M3,4308.76964
Germany,1999,BQ/M3,4063.71364
Germany,2000,BQ/M3,4260.20212
Germany,2001,BQ/M3,4208.04126
Germany,2002,BQ/M3,4507.96639
Germany,2003,BQ/M3,10602.04025
Germany,2004,BQ/M3,749698871.36744
Germany,2005,BQ/M3,1701.07962
Germany,2006,BQ/M3,1931.93856
Germany,2007,BQ/M3,39940959366.58687
Germany,2008,BQ/M3,2265.99572
Germany,2009,BQ/M3,2801.06625
Germany,2010,BQ/M3,2347.43944
Germany,2011,BQ/M3,1784.82296
Germany,2005,SV/H,0.00000
Germany,2006,SV/H,0.00000
Germany,2007,SV/H,0.00000
Germany,2008,SV/H,0.00000
Germany,2009,SV/H,0.00000
Germany,2010,SV/H,0.00000
Germany,2011,SV/H,0.00000
Greece,1987,BQ/D.P,103.09933
Greece,1988,BQ/D.P,26.18833
Greece,1989,BQ/D.P,10.47533
Greece,1990,BQ/D.P,8.27000
Greece,1991,BQ/D.P,8.27000
Greece,2009,BQ/D.P,0.17864
Greece,2010,BQ/D.P,0.14464
Greece,2011,BQ/D.P,0.19582
Greece,1986,BQ/KG,141.96161
Greece,1987,BQ/KG,143.42857
Greece,1994,BQ/KG,0.06000
Greece,1984,BQ/M2,17.70250
Greece,1985,BQ/M2,14.77400
Greece,1986,BQ/M2,9489.45485
Greece,1987,BQ/M2,17848.89815
Greece,1996,BQ/M2,41.83684
Greece,1997,BQ/M2,29.98087
Greece,1998,BQ/M2,22.29704
Greece,1999,BQ/M2,10.41273
Greece,2000,BQ/M2,23.52857
Greece,2001,BQ/M2,22.67111
Greece,2002,BQ/M2,34.96780
Greece,2003,BQ/M2,24.19831
Greece,2004,BQ/M2,19.66000
Greece,2007,BQ/M2,16.00586
Greece,2008,BQ/M2,22.61972
Greece,1986,BQ/M2/D,636.88889
Greece,1984,BQ/M3,13.44507
Greece,1985,BQ/M3,23.83382
Greece,1986,BQ/M3,1754.00392
Greece,1987,BQ/M3,5729.35813
Greece,1988,BQ/M3,428.37787
Greece,1989,BQ/M3,187.97793
Greece,1990,BQ/M3,114.30816
Greece,1991,BQ/M3,160.91254
Greece,1992,BQ/M3,265.85398
Greece,1993,BQ/M3,475.33852
Greece,1994,BQ/M3,1102.13876
Greece,1995,BQ/M3,2620.86553
Greece,1996,BQ/M3,310.49530
Greece,1997,BQ/M3,112.04998
Greece,1998,BQ/M3,107.33432
Greece,1999,BQ/M3,117.67831
Greece,2000,BQ/M3,82.87233
Greece,2001,BQ/M3,116.66587
Greece,2002,BQ/M3,88.66726
Greece,2003,BQ/M3,75.72007
Greece,2004,BQ/M3,87.34587
Greece,2005,BQ/M3,102.50000
Greece,2006,BQ/M3,100.00000
Greece,2007,BQ/M3,69.96586
Greece,2008,BQ/M3,77.17491
Greece,2009,BQ/M3,78.14511
Greece,2010,BQ/M3,43.11454
Greece,2011,BQ/M3,55.45927
Hungary,1986,BQ,25.12553
Hungary,2010,BQ,0.90000
Hungary,2011,BQ,6.63333
Hungary,2006,BQ/D,15.73734
Hungary,2007,BQ/D,16.80307
Hungary,2008,BQ/D,14.93580
Hungary,2011,BQ/D,35.86667
Hungary,2006,BQ/D.P,0.02803
Hungary,2007,BQ/D.P,16.88754
Hungary,2008,BQ/D.P,15.04910
Hungary,2009,BQ/D.P,14.12042
Hungary,2010,BQ/D.P,9.79605
Hungary,2011,BQ/D.P,14.27846
Hungary,2005,BQ/EGG,38.50000
Hungary,1986,BQ/KG,4342.48679
Hungary,1987,BQ/KG,274.97826
Hungary,1988,BQ/KG,128.46875
Hungary,1989,BQ/KG,145.18269
Hungary,1990,BQ/KG,152.64583
Hungary,1991,BQ/KG,35.99001
Hungary,1992,BQ/KG,118.21959
Hungary,1993,BQ/KG,101.66538
Hungary,2004,BQ/KG,118.45451
Hungary,2005,BQ/KG,123.73428
Hungary,2006,BQ/KG,116.09398
Hungary,2007,BQ/KG,145.39769
Hungary,2008,BQ/KG,143.21289
Hungary,2009,BQ/KG,154.72651
Hungary,2010,BQ/KG,141.95823
Hungary,2011,BQ/KG,133.98103
Hungary,1986,BQ/M2,616.68644
Hungary,1987,BQ/M2,1461.51622
Hungary,1988,BQ/M2,1343.45472
Hungary,1989,BQ/M2,1253.68214
Hungary,1990,BQ/M2,1695.83250
Hungary,1991,BQ/M2,7081.66667
Hungary,1992,BQ/M2,2532.54237
Hungary,2004,BQ/M2,0.21600
Hungary,2005,BQ/M2,3.39941
Hungary,2006,BQ/M2,6.44761
Hungary,2007,BQ/M2,1581.25000
Hungary,2008,BQ/M2,1200.00000
Hungary,2009,BQ/M2,1281.25000
Hungary,2004,BQ/M2/D,0.38322
Hungary,2005,BQ/M2/D,0.62166
Hungary,2006,BQ/M2/D,0.45076
Hungary,2007,BQ/M2/D,0.59090
Hungary,2008,BQ/M2/D,0.68924
Hungary,2009,BQ/M2/D,0.73411
Hungary,2010,BQ/M2/D,0.75814
Hungary,2011,BQ/M2/D,0.52715
Hungary,1986,BQ/M3,98022.67115
Hungary,1987,BQ/M3,1322.88482
Hungary,1988,BQ/M3,358.78236
Hungary,1989,BQ/M3,358.66992
Hungary,1990,BQ/M3,339.54406
Hungary,1991,BQ/M3,299.23641
Hungary,1992,BQ/M3,0.00077
Hungary,1996,BQ/M3,241000.00000
Hungary,2004,BQ/M3,9838.66783
Hungary,2005,BQ/M3,8268.71494
Hungary,2006,BQ/M3,6127.01776
Hungary,2007,BQ/M3,3956.60315
Hungary,2008,BQ/M3,3626.39573
Hungary,2009,BQ/M3,3742.31230
Hungary,2010,BQ/M3,2172.23787
Hungary,2011,BQ/M3,3182.80398
Hungary,1987,GY/H,0.00000
Hungary,1988,GY/H,0.00000
Hungary,1989,GY/H,0.00000
Hungary,1990,GY/H,0.00000
Hungary,1991,GY/H,0.00000
Hungary,1992,GY/H,0.00000
Hungary,1993,GY/H,0.00000
Hungary,2007,SV/H,0.00000
Hungary,2008,SV/H,0.00000
Hungary,2009,SV/H,0.00000
Hungary,2010,SV/H,0.00000
Hungary,2011,SV/H,0.00000
Iceland,2010,BQ/D.P,0.01628
Iceland,2011,BQ/D.P,0.02166
Iceland,1990,BQ/KG,0.32622
Iceland,1991,BQ/KG,0.32609
Iceland,1992,BQ/KG,0.28253
Iceland,1993,BQ/KG,4.60278
Iceland,1994,BQ/KG,0.28245
Iceland,1995,BQ/KG,0.31779
Iceland,1996,BQ/KG,0.19664
Iceland,1997,BQ/KG,0.29283
Iceland,1998,BQ/KG,0.29483
Iceland,1999,BQ/KG,0.15077
Iceland,2001,BQ/KG,0.17850
Iceland,2002,BQ/KG,0.25832
Iceland,2003,BQ/KG,0.11877
Iceland,2004,BQ/KG,0.10536
Iceland,2005,BQ/KG,0.22501
Iceland,2006,BQ/KG,0.11752
Iceland,2007,BQ/KG,0.25196
Iceland,2008,BQ/KG,0.11156
Iceland,2009,BQ/KG,0.37726
Iceland,2010,BQ/KG,0.55435
Iceland,2011,BQ/KG,1.22383
Iceland,1990,BQ/M2,1.11628
Iceland,1991,BQ/M2,3.58356
Iceland,1992,BQ/M2,1.96741
Iceland,1993,BQ/M2,10.02500
Iceland,1994,BQ/M2,0.73803
Iceland,1995,BQ/M2,0.94369
Iceland,1996,BQ/M2,0.61513
Iceland,1997,BQ/M2,0.45069
Iceland,1998,BQ/M2,0.87113
Iceland,1999,BQ/M2,1.59694
Iceland,2000,BQ/M2,3.35856
Iceland,2001,BQ/M2,93.22458
Iceland,2002,BQ/M2,114.98042
Iceland,2003,BQ/M2,38.23029
Iceland,2004,BQ/M2,37.69625
Iceland,2005,BQ/M2,100.07929
Iceland,2006,BQ/M2,91.68687
Iceland,2007,BQ/M2,64.22605
Iceland,2008,BQ/M2,140.01393
Iceland,2009,BQ/M2,150.01806
Iceland,2010,BQ/M2,210.33846
Iceland,2011,BQ/M2,163.21920
Iceland,1990,BQ/M3,463.34826
Iceland,1991,BQ/M3,465.86005
Iceland,1992,BQ/M3,107.76574
Iceland,1993,BQ/M3,110.20095
Iceland,1994,BQ/M3,128.69506
Iceland,1995,BQ/M3,165.46523
Iceland,1996,BQ/M3,115.40439
Iceland,1997,BQ/M3,113.67744
Iceland,1998,BQ/M3,110.04900
Iceland,1999,BQ/M3,101.08198
Iceland,2000,BQ/M3,58.77726
Iceland,2001,BQ/M3,114.58272
Iceland,2002,BQ/M3,107.59874
Iceland,2003,BQ/M3,78.50613
Iceland,2004,BQ/M3,77.37576
Iceland,2005,BQ/M3,97.17075
Iceland,2006,BQ/M3,102.76207
Iceland,2007,BQ/M3,78.26709
Iceland,2008,BQ/M3,108.86724
Iceland,2009,BQ/M3,189.91907
Iceland,2010,BQ/M3,4007.20335
Iceland,2011,BQ/M3,3378.30102
Ireland,2004,BQ/D.P,0.92267
Ireland,2005,BQ/D.P,0.27333
Ireland,2006,BQ/D.P,0.48000
Ireland,2008,BQ/D.P,0.48840
Ireland,2009,BQ/D.P,0.45260
Ireland,2010,BQ/D.P,0.40060
Ireland,2011,BQ/D.P,0.35182
Ireland,1989,BQ/KG,0.05995
Ireland,1990,BQ/KG,0.06792
Ireland,2002,BQ/KG,1.59591
Ireland,2003,BQ/KG,1.10723
Ireland,2004,BQ/KG,2.13433
Ireland,2005,BQ/KG,2.53794
Ireland,2006,BQ/KG,2.36230
Ireland,2007,BQ/KG,0.56731
Ireland,2008,BQ/KG,0.25231
Ireland,2009,BQ/KG,0.29677
Ireland,2010,BQ/KG,0.21574
Ireland,2011,BQ/KG,0.22442
Ireland,1984,BQ/M2,6.73164
Ireland,1985,BQ/M2,5.25205
Ireland,1986,BQ/M2,3154.39167
Ireland,1987,BQ/M2,2495.54878
Ireland,1988,BQ/M2,9.70000
Ireland,2001,BQ/M2,0.00031
Ireland,2002,BQ/M2,0.00031
Ireland,2005,BQ/M2,0.00018
Ireland,1984,BQ/M2/D,0.22917
Ireland,1985,BQ/M2/D,0.20833
Ireland,1986,BQ/M2/D,30.68750
Ireland,1987,BQ/M2/D,0.30000
Ireland,1988,BQ/M2/D,0.30000
Ireland,1984,BQ/M3,31.04190
Ireland,1985,BQ/M3,26.04189
Ireland,1986,BQ/M3,45.12218
Ireland,1987,BQ/M3,22.65795
Ireland,1988,BQ/M3,5.81631
Ireland,1989,BQ/M3,120.41955
Ireland,1990,BQ/M3,89.82656
Ireland,1991,BQ/M3,78.54262
Ireland,1992,BQ/M3,100.24935
Ireland,1993,BQ/M3,93.26255
Ireland,1994,BQ/M3,85.92722
Ireland,1995,BQ/M3,61.20992
Ireland,1996,BQ/M3,54.12348
Ireland,1997,BQ/M3,49.60122
Ireland,1998,BQ/M3,48.00024
Ireland,1999,BQ/M3,55.08450
Ireland,2000,BQ/M3,46.92495
Ireland,2001,BQ/M3,48.37028
Ireland,2002,BQ/M3,846.32517
Ireland,2003,BQ/M3,1041.61383
Ireland,2004,BQ/M3,88.21119
Ireland,2005,BQ/M3,435.59138
Ireland,2006,BQ/M3,2425.57425
Ireland,2007,BQ/M3,3216.26268
Ireland,2008,BQ/M3,3979.17471
Ireland,2009,BQ/M3,3256.68393
Ireland,2010,BQ/M3,3234.95357
Ireland,2011,BQ/M3,7683.82354
Italy,2006,BQ,0.07364
Italy,2004,BQ/D.P,0.22484
Italy,2007,BQ/D.P,36.23110
Italy,2008,BQ/D.P,38.10473
Italy,2009,BQ/D.P,36.86389
Italy,2010,BQ/D.P,27.65071
Italy,2011,BQ/D.P,28.74414
Italy,1986,BQ/KG,596.04511
Italy,1987,BQ/KG,168.35568
Italy,1989,BQ/KG,148.87179
Italy,1991,BQ/KG,0.76952
Italy,1992,BQ/KG,3.63421
Italy,1993,BQ/KG,8.77307
Italy,1994,BQ/KG,0.22667
Italy,1995,BQ/KG,0.22822
Italy,1998,BQ/KG,0.00010
Italy,1999,BQ/KG,0.88852
Italy,2000,BQ/KG,1.19813
Italy,2001,BQ/KG,0.46599
Italy,2002,BQ/KG,20.14283
Italy,2003,BQ/KG,61.07308
Italy,2004,BQ/KG,70.65655
Italy,2005,BQ/KG,9.84919
Italy,2006,BQ/KG,72.09985
Italy,2007,BQ/KG,37.61490
Italy,2008,BQ/KG,99.62183
Italy,2009,BQ/KG,31.90070
Italy,2010,BQ/KG,121.65927
Italy,2011,BQ/KG,32.18498
Italy,1986,BQ/L,161.29265
Italy,1987,BQ/L,32.31968
Italy,1984,BQ/M2,1.23190
Italy,1985,BQ/M2,0.49395
Italy,1986,BQ/M2,5113.44179
Italy,1987,BQ/M2,111.87467
Italy,1988,BQ/M2,38.05685
Italy,1989,BQ/M2,2379.23077
Italy,1990,BQ/M2,23.46250
Italy,1992,BQ/M2,21.66957
Italy,1993,BQ/M2,12.06660
Italy,2003,BQ/M2,119.23191
Italy,2004,BQ/M2,158.93160
Italy,2005,BQ/M2,211.79070
Italy,2006,BQ/M2,168.21140
Italy,2007,BQ/M2,277.71956
Italy,2008,BQ/M2,255.93767
Italy,2009,BQ/M2,164.62124
Italy,2010,BQ/M2,150.31183
Italy,2011,BQ/M2,141.58508
Italy,1984,BQ/M3,18.98990
Italy,1985,BQ/M3,11.46608
Italy,1986,BQ/M3,3344.11658
Italy,1987,BQ/M3,4322.82179
Italy,1988,BQ/M3,556.23523
Italy,1989,BQ/M3,286.76168
Italy,1990,BQ/M3,117.73515
Italy,1991,BQ/M3,50.80394
Italy,1992,BQ/M3,1411.38351
Italy,1993,BQ/M3,100.26961
Italy,1994,BQ/M3,85.00978
Italy,1995,BQ/M3,26.77282
Italy,1996,BQ/M3,0.12025
Italy,1997,BQ/M3,0.19725
Italy,1998,BQ/M3,0.13236
Italy,1999,BQ/M3,3483.47931
Italy,2000,BQ/M3,2825.39818
Italy,2001,BQ/M3,34.47840
Italy,2002,BQ/M3,4393.46320
Italy,2003,BQ/M3,10048.36502
Italy,2004,BQ/M3,7400.66227
Italy,2005,BQ/M3,5592.38573
Italy,2006,BQ/M3,4379.71481
Italy,2007,BQ/M3,44184.02775
Italy,2008,BQ/M3,3205.63136
Italy,2009,BQ/M3,5609.24737
Italy,2010,BQ/M3,10907.31027
Italy,2011,BQ/M3,1431.88752
Italy,1989,GY/H,0.00000
Italy,2003,GY/H,0.00000
Italy,2004,GY/H,0.00000
Italy,2005,GY/H,0.00000
Italy,2006,GY/H,0.00000
Italy,2007,GY/H,0.00000
Italy,2008,GY/H,0.00000
Italy,2009,GY/H,0.00000
Italy,2010,GY/H,0.00000
Italy,2011,GY/H,0.00000
Italy,2003,SV/H,0.00000
Italy,2004,SV/H,0.00000
Italy,2005,SV/H,0.00000
Italy,2006,SV/H,0.00000
Italy,2007,SV/H,0.00000
Italy,2008,SV/H,0.00000
Italy,2009,SV/H,0.00063
Italy,2010,SV/H,0.00000
Italy,2011,SV/H,0.00000
Italy,1986,USV/H,29.15110
Italy,1987,USV/H,19.05827
Latvia,2007,BQ/D.P,26.05975
Latvia,2008,BQ/D.P,11.18750
Latvia,2002,BQ/KG,106.57204
Latvia,2003,BQ/KG,29.37158
Latvia,2003,BQ/M2,0.00200
Latvia,2002,BQ/M3,7.13667
Latvia,2003,BQ/M3,4920.20565
Latvia,2004,BQ/M3,2130.52401
Latvia,2005,BQ/M3,3842.32084
Latvia,2006,BQ/M3,3376.08110
Latvia,2007,BQ/M3,5934.62500
Latvia,2008,BQ/M3,3218.98990
Latvia,2009,BQ/M3,3056.94781
Latvia,2010,BQ/M3,5129.23084
Latvia,2011,BQ/M3,5607.10286
Lithuania,2004,BQ/D.P,0.07178
Lithuania,2005,BQ/D.P,0.05229
Lithuania,2006,BQ/D.P,0.04098
Lithuania,2007,BQ/D.P,0.03375
Lithuania,2008,BQ/D.P,0.03167
Lithuania,2009,BQ/D.P,0.02500
Lithuania,2010,BQ/D.P,0.02333
Lithuania,2011,BQ/D.P,0.02396
Lithuania,2003,BQ/KG,28.02664
Lithuania,2004,BQ/KG,27.52776
Lithuania,2005,BQ/KG,22.54935
Lithuania,2006,BQ/KG,19.14674
Lithuania,2007,BQ/KG,34.59028
Lithuania,2008,BQ/KG,31.26736
Lithuania,2009,BQ/KG,33.52584
Lithuania,2010,BQ/KG,24.83910
Lithuania,2011,BQ/KG,57.72461
Lithuania,2003,BQ/M2,0.27250
Lithuania,2004,BQ/M2,0.07875
Lithuania,2005,BQ/M2,0.05425
Lithuania,2006,BQ/M2,0.10167
Lithuania,2007,BQ/M2,0.06875
Lithuania,2008,BQ/M2,0.23600
Lithuania,2009,BQ/M2,0.32250
Lithuania,2010,BQ/M2,0.72143
Lithuania,2011,BQ/M2,0.41714
Lithuania,2003,BQ/M2/D,0.43365
Lithuania,2004,BQ/M2/D,0.25044
Lithuania,2005,BQ/M2/D,0.29207
Lithuania,2006,BQ/M2/D,0.27447
Lithuania,2007,BQ/M2/D,0.23657
Lithuania,2008,BQ/M2/D,0.13037
Lithuania,2009,BQ/M2/D,0.14892
Lithuania,2010,BQ/M2/D,0.11060
Lithuania,2011,BQ/M2/D,0.09714
Lithuania,2001,BQ/M3,12532.50000
Lithuania,2002,BQ/M3,0.00168
Lithuania,2003,BQ/M3,2346.68070
Lithuania,2004,BQ/M3,2141.30851
Lithuania,2005,BQ/M3,2416.07150
Lithuania,2006,BQ/M3,2470.00815
Lithuania,2007,BQ/M3,2779.13350
Lithuania,2008,BQ/M3,2657.30431
Lithuania,2009,BQ/M3,3690.97424
Lithuania,2010,BQ/M3,3568.64678
Lithuania,2011,BQ/M3,2793.34248
Lithuania,2003,SV/H,0.00000
Lithuania,2004,SV/H,0.00000
Lithuania,2005,SV/H,0.00000
Lithuania,2006,SV/H,0.00000
Lithuania,2007,SV/H,0.00000
Lithuania,2008,SV/H,0.00000
Lithuania,2009,SV/H,0.00000
Lithuania,2010,SV/H,0.13433
Lithuania,2011,SV/H,0.00000
Luxemburg,1988,BQ/D.P,1.41700
Luxemburg,1989,BQ/D.P,0.27900
Luxemburg,1990,BQ/D.P,0.19900
Luxemburg,1991,BQ/D.P,0.18350
Luxemburg,1992,BQ/D.P,0.14350
Luxemburg,1993,BQ/D.P,0.16700
Luxemburg,1994,BQ/D.P,0.14000
Luxemburg,1995,BQ/D.P,0.13000
Luxemburg,1997,BQ/D.P,0.14000
Luxemburg,1998,BQ/D.P,0.11000
Luxemburg,1999,BQ/D.P,0.13000
Luxemburg,2000,BQ/D.P,0.10000
Luxemburg,2001,BQ/D.P,0.13000
Luxemburg,2002,BQ/D.P,0.19670
Luxemburg,2003,BQ/D.P,0.05525
Luxemburg,2004,BQ/D.P,0.07031
Luxemburg,2005,BQ/D.P,0.04983
Luxemburg,2007,BQ/D.P,28.54743
Luxemburg,2008,BQ/D.P,31.49135
Luxemburg,2009,BQ/D.P,10.27056
Luxemburg,2010,BQ/D.P,60.29147
Luxemburg,2011,BQ/D.P,26.48093
Luxemburg,1985,BQ/KG,403.24000
Luxemburg,1986,BQ/KG,104.92629
Luxemburg,1987,BQ/KG,68.84516
Luxemburg,1988,BQ/KG,123.95844
Luxemburg,1989,BQ/KG,164.48774
Luxemburg,1990,BQ/KG,161.96238
Luxemburg,1991,BQ/KG,177.31718
Luxemburg,1992,BQ/KG,182.19827
Luxemburg,1993,BQ/KG,154.04020
Luxemburg,1994,BQ/KG,178.79373
Luxemburg,1995,BQ/KG,183.63170
Luxemburg,1996,BQ/KG,360.03316
Luxemburg,1997,BQ/KG,189.13344
Luxemburg,1998,BQ/KG,186.39620
Luxemburg,1999,BQ/KG,181.10186
Luxemburg,2000,BQ/KG,176.58901
Luxemburg,2001,BQ/KG,183.44754
Luxemburg,2002,BQ/KG,177.75939
Luxemburg,2003,BQ/KG,168.82621
Luxemburg,2004,BQ/KG,144.09593
Luxemburg,2005,BQ/KG,127.73977
Luxemburg,2006,BQ/KG,136.48452
Luxemburg,2007,BQ/KG,171.33178
Luxemburg,2008,BQ/KG,184.36046
Luxemburg,2009,BQ/KG,141.91144
Luxemburg,2010,BQ/KG,427.18546
Luxemburg,2011,BQ/KG,194.32781
Luxemburg,1986,BQ/M2,708.74912
Luxemburg,1987,BQ/M2,248.85455
Luxemburg,1988,BQ/M2,8.48333
Luxemburg,1996,BQ/M2,70962.19310
Luxemburg,2002,BQ/M2,73.71750
Luxemburg,2003,BQ/M2,60.68120
Luxemburg,2004,BQ/M2,85.11650
Luxemburg,2005,BQ/M2,74.31300
Luxemburg,2006,BQ/M2,108.03557
Luxemburg,2007,BQ/M2,102.38038
Luxemburg,2008,BQ/M2,53.63571
Luxemburg,2009,BQ/M2,19.98333
Luxemburg,1984,BQ/M3,1306.66670
Luxemburg,1985,BQ/M3,2057.00002
Luxemburg,1986,BQ/M3,5375.52490
Luxemburg,1987,BQ/M3,2250.60132
Luxemburg,1988,BQ/M3,1936.26054
Luxemburg,1989,BQ/M3,3039.42504
Luxemburg,1990,BQ/M3,3436.50363
Luxemburg,1991,BQ/M3,4956.30182
Luxemburg,1992,BQ/M3,6812.56550
Luxemburg,1993,BQ/M3,24513.05958
Luxemburg,1994,BQ/M3,6831.84803
Luxemburg,1995,BQ/M3,7074.17782
Luxemburg,1996,BQ/M3,7233.68843
Luxemburg,1997,BQ/M3,7371.47500
Luxemburg,1998,BQ/M3,6569.45066
Luxemburg,1999,BQ/M3,7360.56360
Luxemburg,2000,BQ/M3,7358.25889
Luxemburg,2001,BQ/M3,7356.00326
Luxemburg,2002,BQ/M3,7686.58554
Luxemburg,2003,BQ/M3,3561.89172
Luxemburg,2004,BQ/M3,3025.72681
Luxemburg,2005,BQ/M3,8079.10800
Luxemburg,2006,BQ/M3,6662.07034
Luxemburg,2007,BQ/M3,7747.14776
Luxemburg,2008,BQ/M3,7516.36519
Luxemburg,2009,BQ/M3,3382.10617
Luxemburg,2010,BQ/M3,2319.47997
Luxemburg,2011,BQ/M3,3563.68530
Luxemburg,1985,USV/H,0.11500
Luxemburg,1986,USV/H,0.13167
Luxemburg,1987,USV/H,0.12500
Luxemburg,1988,USV/H,0.12500
Macedonia,2010,BQ/D.P,0.01628
Macedonia,2011,BQ/D.P,0.02166
Macedonia,1990,BQ/KG,0.32622
Macedonia,1991,BQ/KG,0.32609
Macedonia,1992,BQ/KG,0.28253
Macedonia,1993,BQ/KG,4.60278
Macedonia,1994,BQ/KG,0.28245
Macedonia,1995,BQ/KG,0.31779
Macedonia,1996,BQ/KG,0.19664
Macedonia,1997,BQ/KG,0.29283
Macedonia,1998,BQ/KG,0.29483
Macedonia,1999,BQ/KG,0.15077
Macedonia,2001,BQ/KG,0.17850
Macedonia,2002,BQ/KG,0.25832
Macedonia,2003,BQ/KG,0.11877
Macedonia,2004,BQ/KG,0.10536
Macedonia,2005,BQ/KG,0.22501
Macedonia,2006,BQ/KG,0.11752
Macedonia,2007,BQ/KG,0.25196
Macedonia,2008,BQ/KG,0.11156
Macedonia,2009,BQ/KG,0.37726
Macedonia,2010,BQ/KG,0.55435
Macedonia,2011,BQ/KG,1.22383
Macedonia,1990,BQ/M2,1.11628
Macedonia,1991,BQ/M2,3.58356
Macedonia,1992,BQ/M2,1.96741
Macedonia,1993,BQ/M2,10.02500
Macedonia,1994,BQ/M2,0.73803
Macedonia,1995,BQ/M2,0.94369
Macedonia,1996,BQ/M2,0.61513
Macedonia,1997,BQ/M2,0.45069
Macedonia,1998,BQ/M2,0.87113
Macedonia,1999,BQ/M2,1.59694
Macedonia,2000,BQ/M2,3.35856
Macedonia,2001,BQ/M2,93.22458
Macedonia,2002,BQ/M2,114.98042
Macedonia,2003,BQ/M2,38.23029
Macedonia,2004,BQ/M2,37.69625
Macedonia,2005,BQ/M2,100.07929
Macedonia,2006,BQ/M2,91.68687
Macedonia,2007,BQ/M2,64.22605
Macedonia,2008,BQ/M2,140.01393
Macedonia,2009,BQ/M2,150.01806
Macedonia,2010,BQ/M2,210.33846
Macedonia,2011,BQ/M2,163.21920
Macedonia,1990,BQ/M3,463.34826
Macedonia,1991,BQ/M3,465.86005
Macedonia,1992,BQ/M3,107.76574
Macedonia,1993,BQ/M3,110.20095
Macedonia,1994,BQ/M3,128.69506
Macedonia,1995,BQ/M3,165.46523
Macedonia,1996,BQ/M3,115.40439
Macedonia,1997,BQ/M3,113.67744
Macedonia,1998,BQ/M3,110.04900
Macedonia,1999,BQ/M3,101.08198
Macedonia,2000,BQ/M3,58.77726
Macedonia,2001,BQ/M3,114.58272
Macedonia,2002,BQ/M3,107.59874
Macedonia,2003,BQ/M3,78.50613
Macedonia,2004,BQ/M3,77.37576
Macedonia,2005,BQ/M3,97.17075
Macedonia,2006,BQ/M3,102.76207
Macedonia,2007,BQ/M3,78.26709
Macedonia,2008,BQ/M3,108.86724
Macedonia,2009,BQ/M3,189.91907
Macedonia,2010,BQ/M3,4007.20335
Macedonia,2011,BQ/M3,3378.30102
Malta,2009,BQ/D,59.90000
Malta,2006,BQ/D.P,0.02517
Malta,2007,BQ/D.P,0.03820
Malta,2008,BQ/D.P,51.23799
Malta,2009,BQ/D.P,50.32750
Malta,2010,BQ/D.P,60.58537
Malta,2011,BQ/D.P,100.93633
Malta,2009,BQ/GK,59.90000
Malta,2010,BQ/GK,51.84000
Malta,2011,BQ/GK,51.17000
Malta,2006,BQ/KG,15.30194
Malta,2007,BQ/KG,24.70906
Malta,2008,BQ/KG,63.52920
Malta,2009,BQ/KG,66.58370
Malta,2010,BQ/KG,66.72744
Malta,2011,BQ/KG,52.54015
Malta,2009,BQ/M2,0.00067
Malta,2010,BQ/M2,0.00032
Malta,2011,BQ/M2,0.00074
Malta,2004,BQ/M3,113.63636
Malta,2006,BQ/M3,6872.99524
Malta,2007,BQ/M3,2678.10548
Malta,2008,BQ/M3,1539.71647
Malta,2009,BQ/M3,884.19803
Malta,2010,BQ/M3,1271.27306
Malta,2011,BQ/M3,1150.76794
Poland,1992,BQ/KG,148.92197
Poland,2002,BQ/KG,0.76000
Poland,2003,BQ/KG,0.82431
Poland,2004,BQ/KG,0.65492
Poland,2005,BQ/KG,0.50217
Poland,2006,BQ/KG,0.39576
Poland,2007,BQ/KG,0.48843
Poland,2008,BQ/KG,0.56354
Poland,2009,BQ/KG,0.51306
Poland,2010,BQ/KG,0.58181
Poland,2011,BQ/KG,0.60987
Poland,1986,BQ/M2,2374.47917
Poland,1992,BQ/M2,2245.49839
Poland,1986,BQ/M3,5.98759
Poland,2002,BQ/M3,364.17956
Poland,2003,BQ/M3,84.84432
Poland,2004,BQ/M3,109.69725
Poland,2005,BQ/M3,88.87518
Poland,2006,BQ/M3,104.54740
Poland,2007,BQ/M3,121.68566
Poland,2008,BQ/M3,143.62440
Poland,2009,BQ/M3,94.52150
Poland,2010,BQ/M3,77.11896
Poland,2011,BQ/M3,213.99261
Poland,1993,SV/H,0.00000
Poland,2002,SV/H,0.00000
Poland,2003,SV/H,0.00000
Poland,2004,SV/H,0.00000
Poland,2005,SV/H,0.00000
Poland,2006,SV/H,0.00000
Poland,2007,SV/H,0.00000
Poland,2008,SV/H,0.00000
Poland,2009,SV/H,0.00000
Poland,2010,SV/H,0.00000
Poland,2011,SV/H,0.00000
Portugal,1993,BQ/D.P,0.20000
Portugal,2006,BQ/D.P,0.12400
Portugal,2007,BQ/D.P,45.07391
Portugal,2008,BQ/D.P,53.95583
Portugal,2009,BQ/D.P,29.30260
Portugal,2010,BQ/D.P,19.17559
Portugal,2011,BQ/D.P,19.87483
Portugal,1984,BQ/KG,620.81122
Portugal,1985,BQ/KG,387.38169
Portugal,1986,BQ/KG,118.61558
Portugal,1987,BQ/KG,5.49356
Portugal,1988,BQ/KG,3.54794
Portugal,1989,BQ/KG,1.90925
Portugal,1990,BQ/KG,1.73750
Portugal,1991,BQ/KG,57.63111
Portugal,1992,BQ/KG,44.99936
Portugal,1993,BQ/KG,62.27575
Portugal,1994,BQ/KG,63.09355
Portugal,1995,BQ/KG,58.30966
Portugal,1996,BQ/KG,46.08984
Portugal,1997,BQ/KG,111.79070
Portugal,1998,BQ/KG,106.99683
Portugal,1999,BQ/KG,95.38426
Portugal,2000,BQ/KG,116.70370
Portugal,2001,BQ/KG,87.24114
Portugal,2002,BQ/KG,46.41232
Portugal,2003,BQ/KG,59.01772
Portugal,2004,BQ/KG,55.72624
Portugal,2005,BQ/KG,54.94440
Portugal,2006,BQ/KG,69.49860
Portugal,2007,BQ/KG,64.01676
Portugal,2008,BQ/KG,28.78447
Portugal,2009,BQ/KG,24.22268
Portugal,2010,BQ/KG,24.26015
Portugal,2011,BQ/KG,28.93148
Portugal,1986,BQ/M2,4.37499
Portugal,1987,BQ/M2,0.70000
Portugal,1990,BQ/M2,3.18014
Portugal,2003,BQ/M2,54.52138
Portugal,2004,BQ/M2,84.11102
Portugal,2005,BQ/M2,36.60194
Portugal,2006,BQ/M2,8.80318
Portugal,2007,BQ/M2,43.02723
Portugal,2008,BQ/M2,32.01941
Portugal,2009,BQ/M2,15.89542
Portugal,2010,BQ/M2,77.08667
Portugal,2011,BQ/M2,30.96819
Portugal,1985,BQ/M3,2.70143
Portugal,1986,BQ/M3,1571.85646
Portugal,1987,BQ/M3,2252.56490
Portugal,1988,BQ/M3,571.56371
Portugal,1989,BQ/M3,3136.70642
Portugal,1990,BQ/M3,1168.30694
Portugal,1991,BQ/M3,7742.13360
Portugal,1992,BQ/M3,8579.68836
Portugal,1993,BQ/M3,9028.57972
Portugal,1994,BQ/M3,17351.02782
Portugal,1995,BQ/M3,5008.10828
Portugal,1996,BQ/M3,4858.79148
Portugal,1997,BQ/M3,7067.98430
Portugal,1998,BQ/M3,5420.40993
Portugal,1999,BQ/M3,5624.22107
Portugal,2000,BQ/M3,4654.12831
Portugal,2001,BQ/M3,5836.28374
Portugal,2002,BQ/M3,4045.11162
Portugal,2003,BQ/M3,4256.15681
Portugal,2004,BQ/M3,4029.12451
Portugal,2005,BQ/M3,3517.19048
Portugal,2006,BQ/M3,3474.75754
Portugal,2007,BQ/M3,2821.22859
Portugal,2008,BQ/M3,3868.74339
Portugal,2009,BQ/M3,4284.70867
Portugal,2010,BQ/M3,3435.44243
Portugal,2011,BQ/M3,3018.09668
Portugal,2006,SV/H,0.00000
Portugal,2007,SV/H,0.00000
Portugal,2008,SV/H,0.00000
Portugal,2009,SV/H,0.00000
Portugal,2010,SV/H,0.00000
Portugal,2011,SV/H,0.00000
Romania,2010,BQ/D.P,0.22000
Romania,2011,BQ/D.P,0.00487
Romania,1989,BQ/KG,180.23860
Romania,2007,BQ/KG,50.14918
Romania,1989,BQ/M2,8152.50000
Romania,2000,BQ/M3,7940.00000
Romania,2004,BQ/M3,83.02642
Romania,2005,BQ/M3,99.28836
Romania,2006,BQ/M3,229.45339
Romania,2007,BQ/M3,109.94494
Romania,2008,BQ/M3,1521.27078
Romania,2009,BQ/M3,33.23447
Romania,2010,BQ/M3,83.59786
Romania,2011,BQ/M3,38.00835
Romania,2004,GY/H,0.00000
Romania,2005,GY/H,0.08817
Romania,2006,GY/H,0.00000
Romania,2007,GY/H,0.00000
Romania,2008,GY/H,0.00000
Romania,2009,GY/H,0.00000
Romania,2010,GY/H,0.00000
Romania,2011,GY/H,0.00000
Serbia,2010,BQ/D.P,0.01628
Serbia,2011,BQ/D.P,0.02166
Serbia,1990,BQ/KG,0.32622
Serbia,1991,BQ/KG,0.32609
Serbia,1992,BQ/KG,0.28253
Serbia,1993,BQ/KG,4.60278
Serbia,1994,BQ/KG,0.28245
Serbia,1995,BQ/KG,0.31779
Serbia,1996,BQ/KG,0.19664
Serbia,1997,BQ/KG,0.29283
Serbia,1998,BQ/KG,0.29483
Serbia,1999,BQ/KG,0.15077
Serbia,2001,BQ/KG,0.17850
Serbia,2002,BQ/KG,0.25832
Serbia,2003,BQ/KG,0.11877
Serbia,2004,BQ/KG,0.10536
Serbia,2005,BQ/KG,0.22501
Serbia,2006,BQ/KG,0.11752
Serbia,2007,BQ/KG,0.25196
Serbia,2008,BQ/KG,0.11156
Serbia,2009,BQ/KG,0.37726
Serbia,2010,BQ/KG,0.55435
Serbia,2011,BQ/KG,1.22383
Serbia,1990,BQ/M2,1.11628
Serbia,1991,BQ/M2,3.58356
Serbia,1992,BQ/M2,1.96741
Serbia,1993,BQ/M2,10.02500
Serbia,1994,BQ/M2,0.73803
Serbia,1995,BQ/M2,0.94369
Serbia,1996,BQ/M2,0.61513
Serbia,1997,BQ/M2,0.45069
Serbia,1998,BQ/M2,0.87113
Serbia,1999,BQ/M2,1.59694
Serbia,2000,BQ/M2,3.35856
Serbia,2001,BQ/M2,93.22458
Serbia,2002,BQ/M2,114.98042
Serbia,2003,BQ/M2,38.23029
Serbia,2004,BQ/M2,37.69625
Serbia,2005,BQ/M2,100.07929
Serbia,2006,BQ/M2,91.68687
Serbia,2007,BQ/M2,64.22605
Serbia,2008,BQ/M2,140.01393
Serbia,2009,BQ/M2,150.01806
Serbia,2010,BQ/M2,210.33846
Serbia,2011,BQ/M2,163.21920
Serbia,1990,BQ/M3,463.34826
Serbia,1991,BQ/M3,465.86005
Serbia,1992,BQ/M3,107.76574
Serbia,1993,BQ/M3,110.20095
Serbia,1994,BQ/M3,128.69506
Serbia,1995,BQ/M3,165.46523
Serbia,1996,BQ/M3,115.40439
Serbia,1997,BQ/M3,113.67744
Serbia,1998,BQ/M3,110.04900
Serbia,1999,BQ/M3,101.08198
Serbia,2000,BQ/M3,58.77726
Serbia,2001,BQ/M3,114.58272
Serbia,2002,BQ/M3,107.59874
Serbia,2003,BQ/M3,78.50613
Serbia,2004,BQ/M3,77.37576
Serbia,2005,BQ/M3,97.17075
Serbia,2006,BQ/M3,102.76207
Serbia,2007,BQ/M3,78.26709
Serbia,2008,BQ/M3,108.86724
Serbia,2009,BQ/M3,189.91907
Serbia,2010,BQ/M3,4007.20335
Serbia,2011,BQ/M3,3378.30102
Slovakia,2006,BQ/D.P,0.27500
Slovakia,2007,BQ/D.P,0.04750
Slovakia,2008,BQ/D.P,0.05667
Slovakia,2009,BQ/D.P,3.63191
Slovakia,2010,BQ/D.P,2.98900
Slovakia,2011,BQ/D.P,23.52043
Slovakia,2006,BQ/GK,0.40000
Slovakia,2004,BQ/KG,0.85613
Slovakia,2006,BQ/KG,15.08333
Slovakia,2007,BQ/KG,34.20000
Slovakia,2006,BQ/M2,31.30826
Slovakia,2007,BQ/M2,28.84667
Slovakia,2008,BQ/M2,14.82137
Slovakia,2009,BQ/M2,14.82105
Slovakia,2010,BQ/M2,7.74482
Slovakia,2004,BQ/M3,1475.49908
Slovakia,2005,BQ/M3,0.00122
Slovakia,2006,BQ/M3,921.39885
Slovakia,2007,BQ/M3,778.61976
Slovakia,2008,BQ/M3,1117.33651
Slovakia,2009,BQ/M3,882.83158
Slovakia,2010,BQ/M3,964.74882
Slovakia,2011,BQ/M3,1699.86615
Slovakia,2009,GY/H,0.00000
Slovakia,2010,GY/H,0.00000
Slovakia,2004,SV/H,0.00000
Slovakia,2006,SV/H,0.00000
Slovakia,2007,SV/H,0.00000
Slovakia,2008,SV/H,0.00000
Slovakia,2009,SV/H,0.00000
Slovakia,2010,SV/H,0.00000
Slovenia,2009,BQ/D.P,15.72050
Slovenia,2010,BQ/D.P,11.77853
Slovenia,2011,BQ/D.P,10.82813
Slovenia,2003,BQ/KG,54.58721
Slovenia,2004,BQ/KG,48.56149
Slovenia,2005,BQ/KG,38.59094
Slovenia,2006,BQ/KG,36.80885
Slovenia,2007,BQ/KG,32.41016
Slovenia,2008,BQ/KG,35.74628
Slovenia,2009,BQ/KG,47.97521
Slovenia,2010,BQ/KG,63.83202
Slovenia,2011,BQ/KG,50.26415
Slovenia,2005,BQ/L,595.00000
Slovenia,2006,BQ/L,70.69636
Slovenia,1986,BQ/M2,13813.33333
Slovenia,2003,BQ/M3,4995.24123
Slovenia,2004,BQ/M3,5785.50679
Slovenia,2005,BQ/M3,3195.66961
Slovenia,2006,BQ/M3,91.10249
Slovenia,2007,BQ/M3,5621.77869
Slovenia,2008,BQ/M3,104.75965
Slovenia,2009,BQ/M3,81.76596
Slovenia,2010,BQ/M3,3412.27286
Slovenia,2011,BQ/M3,2115.12368
Slovenia,2003,SV/H,0.00000
Slovenia,2004,SV/H,0.00000
Slovenia,2005,SV/H,0.00000
Slovenia,2006,SV/H,0.00000
Slovenia,2007,SV/H,0.00000
Slovenia,2008,SV/H,0.00000
Slovenia,2009,SV/H,0.00000
Slovenia,2010,SV/H,0.00000
Slovenia,2011,SV/H,0.00000
Spain,2000,BQ/D.P,0.40897
Spain,2001,BQ/D.P,0.08596
Spain,2002,BQ/D.P,0.14221
Spain,2003,BQ/D.P,0.07908
Spain,2004,BQ/D.P,0.08067
Spain,2005,BQ/D.P,0.07793
Spain,2006,BQ/D.P,870.03097
Spain,2007,BQ/D.P,0.07584
Spain,2008,BQ/D.P,6.81028
Spain,2009,BQ/D.P,8.93595
Spain,2010,BQ/D.P,13.78993
Spain,2011,BQ/D.P,11.38805
Spain,1986,BQ/KG,12.28023
Spain,1985,BQ/M2,753.30667
Spain,1986,BQ/M2,153.81134
Spain,1987,BQ/M2,483.34565
Spain,1984,BQ/M3,862.61203
Spain,1985,BQ/M3,757.50103
Spain,1986,BQ/M3,2031.34655
Spain,1987,BQ/M3,608.70608
Spain,1988,BQ/M3,652.29071
Spain,1989,BQ/M3,592.26301
Spain,1990,BQ/M3,392.54483
Spain,1991,BQ/M3,694.59271
Spain,1992,BQ/M3,1375.65048
Spain,1993,BQ/M3,1439.16456
Spain,1994,BQ/M3,1292.33921
Spain,1995,BQ/M3,1720.23113
Spain,1996,BQ/M3,1294.09737
Spain,1997,BQ/M3,887.90150
Spain,1998,BQ/M3,937.76026
Spain,1999,BQ/M3,1023.10929
Spain,2000,BQ/M3,863.75583
Spain,2001,BQ/M3,3069.26245
Spain,2002,BQ/M3,1432.89099
Spain,2003,BQ/M3,2583.79103
Spain,2004,BQ/M3,2962.70441
Spain,2005,BQ/M3,1526.18771
Spain,2006,BQ/M3,1692.87638
Spain,2007,BQ/M3,1594.23831
Spain,2008,BQ/M3,1541.96523
Spain,2009,BQ/M3,1529.09955
Spain,2010,BQ/M3,1323.45608
Spain,2011,BQ/M3,1334.10701
Sweden,1994,BQ/D.P,1.05000
Sweden,2001,BQ/D.P,0.41833
Sweden,2002,BQ/D.P,0.48417
Sweden,2003,BQ/D.P,0.29918
Sweden,2004,BQ/D.P,0.25775
Sweden,2005,BQ/D.P,1.42500
Sweden,2006,BQ/D.P,0.83917
Sweden,2007,BQ/D.P,0.58808
Sweden,2008,BQ/D.P,0.25462
Sweden,2009,BQ/D.P,0.31000
Sweden,2010,BQ/D.P,0.41786
Sweden,2011,BQ/D.P,0.67429
Sweden,2002,BQ/KG,1.67000
Sweden,2003,BQ/KG,1.28000
Sweden,2004,BQ/KG,3.13000
Sweden,2005,BQ/KG,5.00000
Sweden,1986,BQ/M2,15040.58081
Sweden,1984,BQ/M3,16.54933
Sweden,1985,BQ/M3,14.37210
Sweden,1986,BQ/M3,1500.34067
Sweden,1987,BQ/M3,2801.45780
Sweden,1988,BQ/M3,1200.41164
Sweden,1989,BQ/M3,724.41517
Sweden,1990,BQ/M3,570.14315
Sweden,1991,BQ/M3,354.04073
Sweden,1992,BQ/M3,322.83060
Sweden,1993,BQ/M3,280.45700
Sweden,1994,BQ/M3,231.23815
Sweden,1995,BQ/M3,87.84413
Sweden,1996,BQ/M3,46.06873
Sweden,1997,BQ/M3,63.63683
Sweden,1998,BQ/M3,66.86584
Sweden,1999,BQ/M3,53.99641
Sweden,2000,BQ/M3,53.40162
Sweden,2001,BQ/M3,641.57829
Sweden,2002,BQ/M3,894.91325
Sweden,2003,BQ/M3,844.56146
Sweden,2004,BQ/M3,971.89596
Sweden,2005,BQ/M3,1772.11455
Sweden,2006,BQ/M3,2347.23770
Sweden,2007,BQ/M3,2611.52772
Sweden,2008,BQ/M3,2529.08019
Sweden,2009,BQ/M3,1635.90580
Sweden,2010,BQ/M3,1497.53719
Sweden,2011,BQ/M3,1178.96909
The Netherlands,1986,BQ/KG,534.72359
The Netherlands,1993,BQ/KG,123.22202
The Netherlands,1994,BQ/KG,169.75828
The Netherlands,1995,BQ/KG,25.88571
The Netherlands,1984,BQ/M2,51.39818
The Netherlands,1985,BQ/M2,38.39024
The Netherlands,1986,BQ/M2,1153.59805
The Netherlands,1987,BQ/M2,55.92230
The Netherlands,1988,BQ/M2,48.11642
The Netherlands,1989,BQ/M2,34.94141
The Netherlands,1990,BQ/M2,37.41478
The Netherlands,1991,BQ/M2,27.15500
The Netherlands,1992,BQ/M2,44.00350
The Netherlands,1993,BQ/M2,34.48258
The Netherlands,1994,BQ/M2,32.23498
The Netherlands,1995,BQ/M2,29.40625
The Netherlands,1984,BQ/M3,2273.36255
The Netherlands,1985,BQ/M3,1646.96194
The Netherlands,1986,BQ/M3,31412.47381
The Netherlands,1987,BQ/M3,2605.48653
The Netherlands,1988,BQ/M3,1483.25029
The Netherlands,1989,BQ/M3,1809.49755
The Netherlands,1990,BQ/M3,2226.15204
The Netherlands,1991,BQ/M3,2018.54710
The Netherlands,1992,BQ/M3,91.14969
The Netherlands,1993,BQ/M3,788.86664
The Netherlands,1994,BQ/M3,1019.21373
The Netherlands,1995,BQ/M3,1098.00239
The Netherlands,1996,BQ/M3,1644.57019
The Netherlands,1997,BQ/M3,1774.88754
The Netherlands,1998,BQ/M3,1211.69287
The Netherlands,1999,BQ/M3,1467.68515
The Netherlands,2000,BQ/M3,1465.90203
The Netherlands,2001,BQ/M3,1129.13253
The Netherlands,2002,BQ/M3,1412.79509
The Netherlands,2003,BQ/M3,1742.55974
The Netherlands,2004,BQ/M3,1372.70966
The Netherlands,2005,BQ/M3,1351.86398
The Netherlands,2006,BQ/M3,1444.57314
The Netherlands,2007,BQ/M3,2954.99172
The Netherlands,2008,BQ/M3,3255.87054
The Netherlands,2009,BQ/M3,2678.00558
The Netherlands,2010,BQ/M3,3036.45904
The Netherlands,2011,BQ/M3,3309.06624
The Netherlands,1992,KBQ/KG,1.69635
United Kingdom,1986,BQ,63.47000
United Kingdom,2003,BQ,51.81250
United Kingdom,1986,BQ.S/M3,69466.95714
United Kingdom,1991,BQ/D.P,0.50106
United Kingdom,1993,BQ/D.P,5.66775
United Kingdom,1994,BQ/D.P,11.62447
United Kingdom,1995,BQ/D.P,0.37281
United Kingdom,1996,BQ/D.P,0.16393
United Kingdom,1997,BQ/D.P,0.14176
United Kingdom,1998,BQ/D.P,0.14578
United Kingdom,1999,BQ/D.P,0.46380
United Kingdom,2000,BQ/D.P,0.11654
United Kingdom,2001,BQ/D.P,0.13501
United Kingdom,2002,BQ/D.P,0.20681
United Kingdom,2003,BQ/D.P,0.57989
United Kingdom,2004,BQ/D.P,10.79843
United Kingdom,2005,BQ/D.P,8.90483
United Kingdom,2006,BQ/D.P,16.07349
United Kingdom,2007,BQ/D.P,11.35994
United Kingdom,2008,BQ/D.P,11.71404
United Kingdom,2009,BQ/D.P,9.18152
United Kingdom,2010,BQ/D.P,12.44200
United Kingdom,2011,BQ/D.P,14.01922
United Kingdom,1986,BQ/EGG,1.12458
United Kingdom,1984,BQ/KG,27.14372
United Kingdom,1985,BQ/KG,8.47842
United Kingdom,1986,BQ/KG,523.58262
United Kingdom,1987,BQ/KG,64.73386
United Kingdom,1988,BQ/KG,32.55673
United Kingdom,1989,BQ/KG,25.27400
United Kingdom,1991,BQ/KG,39.66667
United Kingdom,1992,BQ/KG,12.79526
United Kingdom,1993,BQ/KG,8.29230
United Kingdom,1994,BQ/KG,0.00115
United Kingdom,1995,BQ/KG,0.10000
United Kingdom,2001,BQ/KG,0.00076
United Kingdom,2002,BQ/KG,15.80011
United Kingdom,2003,BQ/KG,10.39710
United Kingdom,2004,BQ/KG,7.26876
United Kingdom,2005,BQ/KG,12.08435
United Kingdom,2006,BQ/KG,6.20361
United Kingdom,2007,BQ/KG,11.70000
United Kingdom,2011,BQ/KG-C,0.00339
United Kingdom,1984,BQ/M2,1690.90959
United Kingdom,1985,BQ/M2,994.18571
United Kingdom,1986,BQ/M2,1032.58748
United Kingdom,1987,BQ/M2,2514.69734
United Kingdom,1988,BQ/M2,4137.32919
United Kingdom,1989,BQ/M2,2850.60000
United Kingdom,1984,BQ/M3,2158.86364
United Kingdom,1985,BQ/M3,1003.90014
United Kingdom,1986,BQ/M3,41537.37122
United Kingdom,1987,BQ/M3,3922.05335
United Kingdom,1988,BQ/M3,1060.73496
United Kingdom,1989,BQ/M3,684.92946
United Kingdom,1990,BQ/M3,957.03489
United Kingdom,1991,BQ/M3,2745.98795
United Kingdom,1992,BQ/M3,7019.32973
United Kingdom,1993,BQ/M3,6441.56724
United Kingdom,1994,BQ/M3,5231.93225
United Kingdom,1995,BQ/M3,2823.65917
United Kingdom,1996,BQ/M3,1072.75798
United Kingdom,1997,BQ/M3,975.22173
United Kingdom,1998,BQ/M3,967.14425
United Kingdom,1999,BQ/M3,979.47321
United Kingdom,2000,BQ/M3,580.03655
United Kingdom,2001,BQ/M3,531.69516
United Kingdom,2002,BQ/M3,5963.12859
United Kingdom,2003,BQ/M3,500.51392
United Kingdom,2004,BQ/M3,2795.69095
United Kingdom,2005,BQ/M3,2947.73546
United Kingdom,2006,BQ/M3,2986.52901
United Kingdom,2007,BQ/M3,2791.63381
United Kingdom,2008,BQ/M3,2766.37055
United Kingdom,2009,BQ/M3,2821.10061
United Kingdom,2010,BQ/M3,2893.00845
United Kingdom,2011,BQ/M3,5777.96576
United Kingdom,1984,NGY/H,1.60000
United Kingdom,1985,NGY/H,1.55833
United Kingdom,1986,NGY/H,1.68333
United Kingdom,1987,NGY/H,2.30000
United Kingdom,1984,SV/H,0.00000
United Kingdom,1986,SV/H,0.00000
United Kingdom,1987,SV/H,0.00000
United Kingdom,1988,SV/H,0.00000
United Kingdom,1989,SV/H,0.00000
United Kingdom,1986,USV/H,0.16955